,geometry,ev_stations_counts,ev_stations_geometries,parking_counts,restaurant_counts,library_counts,university_counts,school_counts,park_counts,cinema_counts,place_of_worship_counts,retail_counts,commercial,nodes,edges,road_density,pop_density
0,"POLYGON ((2.224122 48.854199, 2.224158 48.854615, 2.224257 48.855241, 2.224317 48.85555, 2.224371 48.85581, 2.224466 48.856232, 2.224579 48.856632, 2.224789 48.857329, 2.224877 48.857605, 2.225001 48.85798, 2.225056 48.858124, 2.225116 48.858268, 2.22523 48.858519, 2.225286 48.858627, 2.22543 48.858914, 2.2257078 48.8594357, 2.2264045 48.8609577, 2.226905 48.8617931, 2.2272919 48.8625733, 2.22770203977798 48.86367577777778, 2.233947528 48.86367577777778, 2.233947528 48.85405572222222, 2.224124401303538 48.85405572222222, 2.224122 48.854199))",0,[],8,1,0,0,0,0,0,0,0,0,7,11,0.2619047619047619,36.21250240806007
1,"POLYGON ((2.22770203977798 48.86367577777778, 2.2279465 48.8643329, 2.2282436 48.8651445, 2.2284251 48.8654293, 2.2286521 48.8657664, 2.2294749 48.8667271, 2.2295817 48.8668473, 2.2303701 48.8677341, 2.2312283 48.8686235, 2.2320761 48.8695071, 2.2328437 48.8697546, 2.233947528 48.8700614172126, 2.233947528 48.86367577777778, 2.22770203977798 48.86367577777778))",0,[],0,1,0,0,0,0,0,0,0,0,3,3,0.5,36.21250240806007
2,"POLYGON ((2.233947528 48.85405572222222, 2.233947528 48.85128849677443, 2.2263608 48.8529593, 2.2255596 48.8531357, 2.2241686 48.853442, 2.2241606 48.8534778, 2.224143 48.853578, 2.224135 48.853654, 2.224129 48.853759, 2.224125 48.853869, 2.224125 48.85402, 2.224124401303538 48.85405572222222, 2.233947528 48.85405572222222))",0,[],0,0,0,0,0,0,0,0,0,0,0,0,0.0,36.21250240806007
3,"POLYGON ((2.233947528 48.8700614172126, 2.2340187 48.8700812, 2.2373729 48.8710133, 2.2396721 48.8715756, 2.2401155 48.8717175, 2.2404626 48.8718878, 2.2410477 48.8722768, 2.2423216293887602 48.87329583333333, 2.2437730559999998 48.87329583333333, 2.2437730559999998 48.86367577777778, 2.233947528 48.86367577777778, 2.233947528 48.8700614172126))",0,[],1,1,0,0,0,0,0,0,0,0,20,28,0.07368421052631578,36.21250240806007
4,"POLYGON ((2.2423216293887602 48.87329583333333, 2.2433602 48.8741266, 2.2437730559999998 48.87453489425687, 2.2437730559999998 48.87329583333333, 2.2423216293887602 48.87329583333333))",0,[],0,0,0,0,0,0,0,0,0,0,0,0,0.0,0.0
5,"POLYGON ((2.2437730559999998 48.86367577777778, 2.2437730559999998 48.85405572222222, 2.233947528 48.85405572222222, 2.233947528 48.86367577777778, 2.2437730559999998 48.86367577777778))",0,[],1,2,0,0,0,0,0,0,0,0,13,20,0.1282051282051282,36.212502408060075
6,"POLYGON ((2.2437730559999998 48.85405572222222, 2.2437730559999998 48.8473967797043, 2.2430008 48.8475951, 2.2424666 48.847731, 2.242352 48.8478301, 2.2420889 48.848059, 2.2415952 48.8484903, 2.2415171 48.8485577, 2.2415047 48.8485684, 2.2414249 48.8486374, 2.2403097 48.8496004, 2.2401177 48.8497483, 2.2399504 48.8498536, 2.2396971 48.8499782, 2.2395581 48.8500379, 2.2393245 48.850107, 2.239084 48.8501602, 2.2381442 48.8503673, 2.2377999 48.8504401, 2.233947528 48.85128849677443, 2.233947528 48.85405572222222, 2.2437730559999998 48.85405572222222))",0,[],0,1,0,0,0,0,0,0,0,0,8,9,0.16071428571428573,35.168863133584
7,"POLYGON ((2.2437730559999998 48.87453489425687, 2.2456228 48.8763642, 2.2460058 48.8762821, 2.2476142 48.8758711, 2.2495862 48.8753761, 2.253598584 48.874381963126204, 2.253598584 48.87329583333333, 2.2437730559999998 48.87329583333333, 2.2437730559999998 48.87453489425687))",0,[],0,0,0,0,0,0,0,0,0,0,18,30,0.09803921568627451,36.21250240806007
8,"POLYGON ((2.253598584 48.87329583333333, 2.253598584 48.86367577777778, 2.2437730559999998 48.86367577777778, 2.2437730559999998 48.87329583333333, 2.253598584 48.87329583333333))",0,[],1,3,0,0,0,0,0,0,0,0,8,14,0.25,36.212502408060075
9,"POLYGON ((2.253598584 48.86367577777778, 2.253598584 48.85405572222222, 2.2437730559999998 48.85405572222222, 2.2437730559999998 48.86367577777778, 2.253598584 48.86367577777778))",0,[],1,0,0,0,0,0,0,0,0,0,4,6,0.5,36.212502408060075
10,"POLYGON ((2.253598584 48.85405572222222, 2.253598584 48.84443566666667, 2.251985178798852 48.84443566666667, 2.2525351 48.8455694, 2.2509427 48.8456004, 2.2509157 48.8456, 2.2508721 48.8456004, 2.2508285 48.8456087, 2.2506759 48.8456268, 2.2505439 48.8456557, 2.2504945 48.8456704, 2.2504219 48.845688, 2.2497544 48.8458481, 2.2478828 48.8463269, 2.2467289 48.8466377, 2.2437730559999998 48.8473967797043, 2.2437730559999998 48.85405572222222, 2.253598584 48.85405572222222))",0,[],2,0,0,0,0,0,0,0,0,0,12,15,0.11363636363636363,36.21250240806007
11,"POLYGON ((2.253598584 48.84443566666667, 2.253598584 48.83661841918152, 2.2535027 48.8367306, 2.2533993 48.8368544, 2.2533009 48.8369684, 2.2530136 48.8373107, 2.2523281 48.8381405, 2.2522187 48.8382361, 2.2520859 48.8383916, 2.2520553 48.8384274, 2.2516489 48.8389058, 2.2516068 48.8392845, 2.2515678 48.8396486, 2.2515294 48.8400074, 2.2514931 48.8403644, 2.2514062 48.8411523, 2.2513072 48.8420393, 2.2513016 48.8420893, 2.2512997 48.842109, 2.2512721 48.8423977, 2.251242 48.8426798, 2.2512224 48.8428631, 2.251985178798852 48.84443566666667, 2.253598584 48.84443566666667))",0,[],4,0,0,0,0,5,0,0,0,0,6,8,0.26666666666666666,35.39927699937742
12,"POLYGON ((2.253598584 48.874381963126204, 2.2548149 48.8740806, 2.2550572 48.8741525, 2.2554112 48.8742636, 2.2584073 48.8800973, 2.2584626 48.8801181, 2.2584893 48.8801283, 2.2588832 48.8802792, 2.2588875 48.8802807, 2.2602672 48.8801053, 2.263424112 48.87971453743989, 2.263424112 48.87329583333333, 2.253598584 48.87329583333333, 2.253598584 48.874381963126204))",0,[],0,4,0,0,0,0,0,0,0,0,14,19,0.1043956043956044,36.11929614346894
13,"POLYGON ((2.263424112 48.87329583333333, 2.263424112 48.86367577777778, 2.253598584 48.86367577777778, 2.253598584 48.87329583333333, 2.263424112 48.87329583333333))",0,[],2,1,0,0,0,0,0,0,0,0,3,4,0.6666666666666666,36.21250240806007
14,"POLYGON ((2.263424112 48.86367577777778, 2.263424112 48.85405572222222, 2.253598584 48.85405572222222, 2.253598584 48.86367577777778, 2.263424112 48.86367577777778))",0,[],4,1,0,0,0,2,0,0,0,0,17,27,0.09926470588235294,36.212502408060075
15,"POLYGON ((2.263424112 48.85405572222222, 2.263424112 48.84443566666667, 2.253598584 48.84443566666667, 2.253598584 48.85405572222222, 2.263424112 48.85405572222222))",1,[[<POINT (2.261 48.853)>]],2,13,0,0,5,16,0,1,1,0,67,119,0.026910900045228402,36.21250240806007
16,"POLYGON ((2.263424112 48.84443566666667, 2.263424112 48.83481561111111, 2.2551444824736544 48.83481561111111, 2.2541952 48.8359204, 2.253598584 48.83661841918152, 2.253598584 48.84443566666667, 2.263424112 48.84443566666667))",0,[],0,32,1,0,12,19,0,4,3,0,121,196,0.01349862258953168,35.498030533113116
17,"POLYGON ((2.263424112 48.83481561111111, 2.263424112 48.833979529208435, 2.26296 48.8338989, 2.2627757 48.833918, 2.2620167 48.8340108, 2.2616456 48.8340561, 2.2611657 48.8341061, 2.2594655 48.8343047, 2.2574584 48.8345392, 2.2571084 48.8345789, 2.2568402 48.8346094, 2.2561685 48.8346875, 2.2551536 48.834805, 2.2551444824736544 48.83481561111111, 2.263424112 48.83481561111111))",0,[],0,0,0,0,0,0,0,0,0,0,3,3,0.5,27.67363561689217
18,"POLYGON ((2.263424112 48.87971453743989, 2.2646217 48.8795663, 2.27324964 48.87849100896819, 2.27324964 48.87329583333333, 2.263424112 48.87329583333333, 2.263424112 48.87971453743989))",0,[],0,2,0,0,0,0,1,0,0,0,13,19,0.12179487179487179,36.21250240806007
19,"POLYGON ((2.27324964 48.87329583333333, 2.27324964 48.86367577777778, 2.263424112 48.86367577777778, 2.263424112 48.87329583333333, 2.27324964 48.87329583333333))",0,[],2,3,0,0,4,2,0,0,0,0,33,50,0.04734848484848485,36.212502408060075
20,"POLYGON ((2.27324964 48.86367577777778, 2.27324964 48.85405572222222, 2.263424112 48.85405572222222, 2.263424112 48.86367577777778, 2.27324964 48.86367577777778))",0,[],1,11,0,0,7,4,0,1,5,0,86,144,0.01969904240766074,36.21250240806007
21,"POLYGON ((2.27324964 48.85405572222222, 2.27324964 48.84443566666667, 2.263424112 48.84443566666667, 2.263424112 48.85405572222222, 2.27324964 48.85405572222222))",0,[],0,31,1,0,8,8,0,5,0,0,103,167,0.01589567865981344,36.21250240806007
22,"POLYGON ((2.27324964 48.84443566666667, 2.27324964 48.83481561111111, 2.263424112 48.83481561111111, 2.263424112 48.84443566666667, 2.27324964 48.84443566666667))",1,[[<POINT (2.27 48.844)>]],5,22,1,1,8,0,0,0,0,0,69,109,0.023231031543052002,45.97029408841707
23,"POLYGON ((2.27324964 48.83481561111111, 2.27324964 48.82820884740436, 2.2727442 48.8279332, 2.2713365 48.8279056, 2.2678061 48.8278499, 2.2677743 48.8278688, 2.2676048 48.8279672, 2.2672998 48.8315589, 2.2696717 48.8328134, 2.2700296 48.8330081, 2.2699509 48.8330728, 2.2699136 48.8330987, 2.2688782 48.8338149, 2.2683707 48.8342122, 2.2679483 48.8345762, 2.2674688 48.8346266, 2.2669248 48.8345171, 2.2661777 48.8344521, 2.2649159 48.834231, 2.2643691 48.8341437, 2.263424112 48.833979529208435, 2.263424112 48.83481561111111, 2.27324964 48.83481561111111))",0,[],9,0,0,0,1,0,0,0,0,0,7,8,0.19047619047619047,41.641799953461835
24,"POLYGON ((2.27324964 48.87849100896819, 2.2774903 48.8779625, 2.2780343 48.8781258, 2.2786074 48.8782982, 2.2786175 48.8783012, 2.2798011 48.8786534, 2.2799643 48.8787025, 2.2808975 48.8827946, 2.280974124535206 48.88291588888889, 2.283075168 48.88291588888889, 2.283075168 48.87329583333333, 2.27324964 48.87329583333333, 2.27324964 48.87849100896819))",0,[],0,3,0,0,1,1,0,0,0,0,66,89,0.020745920745920746,43.26303557081236
25,"POLYGON ((2.280974124535206 48.88291588888889, 2.2809934 48.8829464, 2.2811176 48.883047, 2.2818271 48.8835988, 2.2818613 48.8836254, 2.2821522 48.8838487, 2.283075168 48.88455743744739, 2.283075168 48.88291588888889, 2.280974124535206 48.88291588888889))",0,[],0,0,0,0,0,0,0,0,0,0,2,1,0.5,30.24730147422768
26,"POLYGON ((2.283075168 48.87329583333333, 2.283075168 48.86367577777778, 2.27324964 48.86367577777778, 2.27324964 48.87329583333333, 2.283075168 48.87329583333333))",1,[[<POINT (2.276 48.866)>]],4,16,0,0,11,3,0,3,0,0,76,136,0.023859649122807018,36.21250240806007
27,"POLYGON ((2.283075168 48.86367577777778, 2.283075168 48.85405572222222, 2.27324964 48.85405572222222, 2.27324964 48.86367577777778, 2.283075168 48.86367577777778))",0,[],2,45,0,1,22,1,1,6,1,0,92,160,0.019111323459149548,36.21250240806007
28,"POLYGON ((2.283075168 48.85405572222222, 2.283075168 48.84443566666667, 2.27324964 48.84443566666667, 2.27324964 48.85405572222222, 2.283075168 48.85405572222222))",0,[],5,30,0,0,5,3,1,2,5,0,66,124,0.028904428904428906,41.96464456251888
29,"POLYGON ((2.283075168 48.84443566666667, 2.283075168 48.83481561111111, 2.27324964 48.83481561111111, 2.27324964 48.84443566666667, 2.283075168 48.84443566666667))",3,"[[<POINT (2.278 48.836)>], [<POINT (2.279 48.837)>], [<POINT (2.283 48.839)>]]",14,51,2,1,9,8,0,0,3,1,59,105,0.030683810637054353,55.08767802464012
30,"POLYGON ((2.283075168 48.83481561111111, 2.283075168 48.83096735634084, 2.2805217 48.831905, 2.2790539 48.8324454, 2.2763585 48.8302146, 2.2757908 48.8297038, 2.2734265 48.8283053, 2.27324964 48.82820884740436, 2.27324964 48.83481561111111, 2.283075168 48.83481561111111))",0,[],4,0,0,0,0,0,1,0,0,1,25,37,0.06166666666666667,54.36512645658165
31,"POLYGON ((2.283075168 48.88455743744739, 2.2844692 48.8856279, 2.2854584 48.8864317, 2.2856609 48.8865707, 2.2860664 48.8867705, 2.2871097 48.8872829, 2.2877584 48.8876, 2.2896453 48.8885254, 2.291175 48.8892751, 2.2911516 48.8892969, 2.2915043 48.8894592, 2.2916837 48.8894788, 2.2927238 48.8895995, 2.292900696 48.889615807851044, 2.292900696 48.88291588888889, 2.283075168 48.88291588888889, 2.283075168 48.88455743744739))",0,[],3,10,0,0,8,5,0,3,0,0,47,68,0.03145235892691952,63.97830751950375
32,"POLYGON ((2.292900696 48.88291588888889, 2.292900696 48.87329583333333, 2.283075168 48.87329583333333, 2.283075168 48.88291588888889, 2.292900696 48.88291588888889))",4,"[[<POINT (2.285 48.877)>], [<POINT (2.284 48.874)>], [<POINT (2.292 48.882)>], [<POINT (2.293 48.877)>]]",3,98,0,0,9,6,1,4,5,0,108,186,0.016095534787123573,56.795038711385025
33,"POLYGON ((2.292900696 48.87329583333333, 2.292900696 48.86367577777778, 2.283075168 48.86367577777778, 2.283075168 48.87329583333333, 2.292900696 48.87329583333333))",4,"[[<POINT (2.292 48.872)>], [<POINT (2.287 48.87)>], [<POINT (2.293 48.868)>], [<POINT (2.29 48.872)>]]",0,72,0,0,12,0,0,3,0,2,81,144,0.022222222222222223,36.21250240806006
34,"POLYGON ((2.292900696 48.86367577777778, 2.292900696 48.85405572222222, 2.283075168 48.85405572222222, 2.283075168 48.86367577777778, 2.292900696 48.86367577777778))",0,[],1,19,1,0,3,9,1,0,4,0,104,176,0.016430171769977596,41.05529857559312
35,"POLYGON ((2.292900696 48.85405572222222, 2.292900696 48.84443566666667, 2.283075168 48.84443566666667, 2.283075168 48.85405572222222, 2.292900696 48.85405572222222))",2,"[[<POINT (2.292 48.845)>], [<POINT (2.288 48.845)>]]",8,72,1,0,13,3,0,4,8,2,93,171,0.019985974754558204,55.185986230976475
36,"POLYGON ((2.292900696 48.84443566666667, 2.292900696 48.83481561111111, 2.283075168 48.83481561111111, 2.283075168 48.84443566666667, 2.292900696 48.84443566666667))",11,"[[<POINT (2.292 48.843)>], [<POINT (2.287 48.842)>], [<POINT (2.285 48.843)>], [<POINT (2.288 48.841)>], [<POINT (2.289 48.839)>], [<POINT (2.292 48.843)>], [<POINT (2.292 48.843)>], [<POINT (2.292 48.843)>], [<POINT (2.292 48.843)>], [<POINT (2.292 48.843)>], [<POINT (2.292 48.843)>]]",1,63,0,2,18,5,0,2,3,2,81,142,0.021913580246913582,55.185986230976475
37,"POLYGON ((2.292900696 48.83481561111111, 2.292900696 48.82698632341142, 2.2922207 48.8271379, 2.2920118 48.8272254, 2.2909034 48.8276894, 2.2893877 48.8283239, 2.2854691 48.8299788, 2.2833629 48.8308617, 2.283075168 48.83096735634084, 2.283075168 48.83481561111111, 2.292900696 48.83481561111111))",0,[],2,34,1,1,1,2,0,0,3,0,46,64,0.030917874396135265,54.721519923245836
38,"POLYGON ((2.292900696 48.889615807851044, 2.292944 48.8896198, 2.2935121 48.8896858, 2.2937036 48.8897081, 2.2940331 48.889748, 2.2940396 48.8897487, 2.294239 48.8897734, 2.2942516 48.889775, 2.2943705 48.8897883, 2.295047 48.8898693, 2.29556 48.8901352, 2.2956134 48.8901629, 2.2956666 48.8901903, 2.2964597 48.8905999, 2.2973247 48.8910559, 2.2974274 48.8911092, 2.2974716 48.8911326, 2.2978671 48.8913425, 2.2980112 48.8914188, 2.2980293 48.8914282, 2.2980951 48.8914625, 2.2981869 48.8915108, 2.2982029 48.8915192, 2.2985613 48.8917077, 2.2986328 48.891742, 2.2989986 48.8919132, 2.29906 48.891942, 2.2993263 48.8920679, 2.2994757 48.8921386, 2.2996847 48.8922374, 2.2998265 48.8923037, 2.3000303 48.892399, 2.3003232476880053 48.89253594444444, 2.302726224 48.89253594444444, 2.302726224 48.88291588888889, 2.292900696 48.88291588888889, 2.292900696 48.889615807851044))",1,[[<POINT (2.297 48.885)>]],4,50,0,0,7,8,0,3,3,0,116,208,0.015592203898050975,66.97403848321119
39,"POLYGON ((2.3003232476880053 48.89253594444444, 2.3003454 48.8925463, 2.3004252 48.8925831, 2.300466 48.8926015, 2.3006258 48.8926735, 2.3015593 48.8931164, 2.302726224 48.893660126811405, 2.302726224 48.89253594444444, 2.3003232476880053 48.89253594444444))",0,[],0,0,0,0,0,0,0,0,0,0,1,0,0.0,66.97403848321119
40,"POLYGON ((2.302726224 48.88291588888889, 2.302726224 48.87329583333333, 2.292900696 48.87329583333333, 2.292900696 48.88291588888889, 2.302726224 48.88291588888889))",0,[],7,96,1,0,4,0,2,5,5,0,110,215,0.01793160967472894,52.34597574253196
41,"POLYGON ((2.302726224 48.87329583333333, 2.302726224 48.86367577777778, 2.292900696 48.86367577777778, 2.292900696 48.87329583333333, 2.302726224 48.87329583333333))",2,"[[<POINT (2.295 48.871)>], [<POINT (2.3 48.865)>]]",4,71,0,0,6,4,2,4,9,1,117,227,0.01672561155319776,28.62130928817139
42,"POLYGON ((2.302726224 48.86367577777778, 2.302726224 48.85405572222222, 2.292900696 48.85405572222222, 2.292900696 48.86367577777778, 2.302726224 48.86367577777778))",0,[],26,40,1,0,11,1,0,1,3,0,75,132,0.023783783783783784,27.747603038028238
43,"POLYGON ((2.302726224 48.85405572222222, 2.302726224 48.84443566666667, 2.292900696 48.84443566666667, 2.292900696 48.85405572222222, 2.302726224 48.85405572222222))",3,"[[<POINT (2.3 48.852)>], [<POINT (2.301 48.848)>], [<POINT (2.303 48.851)>]]",9,81,0,0,7,4,0,3,7,0,113,210,0.016592920353982302,54.55430160579127
44,"POLYGON ((2.302726224 48.84443566666667, 2.302726224 48.83481561111111, 2.292900696 48.83481561111111, 2.292900696 48.84443566666667, 2.302726224 48.84443566666667))",4,"[[<POINT (2.299 48.84)>], [<POINT (2.298 48.841)>], [<POINT (2.299 48.843)>], [<POINT (2.294 48.838)>]]",1,72,1,0,10,3,2,8,6,1,99,183,0.01886209029066172,55.185986230976475
45,"POLYGON ((2.302726224 48.83481561111111, 2.302726224 48.82519555555556, 2.300989174429792 48.82519555555556, 2.3007147 48.8252543, 2.2976469 48.8259109, 2.2942296 48.8266901, 2.292900696 48.82698632341142, 2.292900696 48.83481561111111, 2.302726224 48.83481561111111))",2,"[[<POINT (2.299 48.834)>], [<POINT (2.296 48.831)>]]",2,23,0,1,7,7,0,4,4,3,75,128,0.023063063063063063,54.525996404647536
46,"POLYGON ((2.302726224 48.82519555555556, 2.302726224 48.82481373817039, 2.3023384 48.8249028, 2.3017791 48.8250224, 2.3013179 48.8251252, 2.300989174429792 48.82519555555556, 2.302726224 48.82519555555556))",0,[],0,0,0,0,0,0,0,0,0,0,3,2,0.3333333333333333,40.08238212561742
47,"POLYGON ((2.302726224 48.893660126811405, 2.3032773 48.8939169, 2.303395 48.8939748, 2.3037934 48.8941707, 2.3060163 48.895227, 2.3071852 48.895784, 2.3073107 48.8958473, 2.3075545 48.8959598, 2.3076874 48.8960103, 2.3078197 48.8960601, 2.3095441 48.8967081, 2.3118553 48.897577, 2.3123424 48.8977601, 2.312551752 48.897821674117644, 2.312551752 48.89253594444444, 2.302726224 48.89253594444444, 2.302726224 48.893660126811405))",0,[],1,4,0,0,0,0,0,0,0,0,17,21,0.07720588235294118,64.3716855558521
48,"POLYGON ((2.312551752 48.89253594444444, 2.312551752 48.88291588888889, 2.302726224 48.88291588888889, 2.302726224 48.89253594444444, 2.312551752 48.89253594444444))",1,[[<POINT (2.312 48.887)>]],7,62,1,1,18,2,2,4,3,2,96,178,0.019517543859649124,66.97403848321119
49,"POLYGON ((2.312551752 48.88291588888889, 2.312551752 48.87329583333333, 2.302726224 48.87329583333333, 2.302726224 48.88291588888889, 2.312551752 48.88291588888889))",3,"[[<POINT (2.31 48.876)>], [<POINT (2.306 48.874)>], [<POINT (2.311 48.878)>]]",1,65,0,0,7,2,0,6,0,0,86,166,0.02270861833105335,30.815249837730402
50,"POLYGON ((2.312551752 48.87329583333333, 2.312551752 48.86367577777778, 2.302726224 48.86367577777778, 2.302726224 48.87329583333333, 2.312551752 48.87329583333333))",0,[],8,111,0,0,6,12,2,4,6,1,74,121,0.02239911144020733,19.343184363863003
51,"POLYGON ((2.312551752 48.86367577777778, 2.312551752 48.85405572222222, 2.302726224 48.85405572222222, 2.302726224 48.86367577777778, 2.312551752 48.86367577777778))",0,[],7,69,1,0,9,2,0,4,6,0,81,132,0.020370370370370372,24.654562680358204
52,"POLYGON ((2.312551752 48.85405572222222, 2.312551752 48.84443566666667, 2.302726224 48.84443566666667, 2.302726224 48.85405572222222, 2.312551752 48.85405572222222))",6,"[[<POINT (2.311 48.851)>], [<POINT (2.308 48.85)>], [<POINT (2.308 48.85)>], [<POINT (2.308 48.85)>], [<POINT (2.305 48.849)>], [<POINT (2.304 48.846)>]]",10,35,2,1,2,2,0,4,2,0,102,220,0.021355076684139003,37.93922788940584
53,"POLYGON ((2.312551752 48.84443566666667, 2.312551752 48.83481561111111, 2.302726224 48.83481561111111, 2.302726224 48.84443566666667, 2.312551752 48.84443566666667))",2,"[[<POINT (2.309 48.842)>], [<POINT (2.306 48.838)>]]",2,57,1,0,20,8,0,3,3,2,72,112,0.02190923317683881,55.18598623097647
54,"POLYGON ((2.312551752 48.83481561111111, 2.312551752 48.82519555555556, 2.302726224 48.82519555555556, 2.302726224 48.83481561111111, 2.312551752 48.83481561111111))",3,"[[<POINT (2.309 48.834)>], [<POINT (2.305 48.832)>], [<POINT (2.306 48.835)>]]",5,33,1,0,5,9,0,2,2,0,86,155,0.021203830369357045,46.65524687517182
55,"POLYGON ((2.312551752 48.82519555555556, 2.312551752 48.82261496787381, 2.3115241 48.8228466, 2.3102584 48.8231257, 2.308423 48.823528, 2.3068117 48.8238869, 2.3065022 48.8239536, 2.3063461 48.8239892, 2.305836 48.8241053, 2.3043778 48.8244361, 2.304123 48.8244931, 2.304044 48.824512, 2.3040036 48.8245201, 2.3039805 48.8245257, 2.302726224 48.82481373817039, 2.302726224 48.82519555555556, 2.312551752 48.82519555555556))",0,[],0,0,0,0,1,0,0,0,0,0,10,10,0.1111111111111111,39.82643235730695
56,"POLYGON ((2.312551752 48.897821674117644, 2.3130853 48.8979786, 2.3134019 48.8980717, 2.3152945 48.8986503, 2.316169 48.8989407, 2.3185323 48.8996333, 2.3187182 48.8997442, 2.319099 48.8999762, 2.3198901 48.9004581, 2.3202377 48.9006804, 2.3203576 48.9007571, 2.3213034 48.9007949, 2.3222857 48.9008264, 2.32237728 48.9008294185615, 2.32237728 48.89253594444444, 2.312551752 48.89253594444444, 2.312551752 48.897821674117644))",0,[],1,28,0,0,9,3,0,2,0,0,48,79,0.0350177304964539,66.67623692112083
57,"POLYGON ((2.32237728 48.89253594444444, 2.32237728 48.88291588888889, 2.312551752 48.88291588888889, 2.312551752 48.89253594444444, 2.32237728 48.89253594444444))",4,"[[<POINT (2.315 48.886)>], [<POINT (2.321 48.885)>], [<POINT (2.313 48.883)>], [<POINT (2.316 48.888)>]]",7,146,2,0,10,2,0,3,12,0,93,164,0.01916783543712015,66.97403848321119
58,"POLYGON ((2.32237728 48.88291588888889, 2.32237728 48.87329583333333, 2.312551752 48.87329583333333, 2.312551752 48.88291588888889, 2.32237728 48.88291588888889))",5,"[[<POINT (2.321 48.881)>], [<POINT (2.32 48.883)>], [<POINT (2.32 48.883)>], [<POINT (2.321 48.882)>], [<POINT (2.313 48.88)>]]",0,119,1,2,15,3,0,1,4,1,107,196,0.017280902839005467,23.859903288973605
59,"POLYGON ((2.32237728 48.87329583333333, 2.32237728 48.86367577777778, 2.312551752 48.86367577777778, 2.312551752 48.87329583333333, 2.32237728 48.87329583333333))",0,[],29,32,0,0,1,6,0,1,11,1,56,94,0.03051948051948052,19.350713597457794
60,"POLYGON ((2.32237728 48.86367577777778, 2.32237728 48.85405572222222, 2.312551752 48.85405572222222, 2.312551752 48.86367577777778, 2.32237728 48.86367577777778))",9,"[[<POINT (2.315 48.859)>], [<POINT (2.315 48.856)>], [<POINT (2.319 48.859)>], [<POINT (2.319 48.859)>], [<POINT (2.319 48.859)>], [<POINT (2.319 48.859)>], [<POINT (2.319 48.859)>], [<POINT (2.319 48.859)>], [<POINT (2.315 48.856)>]]",6,19,1,0,2,5,0,3,1,0,48,92,0.040780141843971635,24.54400282595162
61,"POLYGON ((2.32237728 48.85405572222222, 2.32237728 48.84443566666667, 2.312551752 48.84443566666667, 2.312551752 48.85405572222222, 2.32237728 48.85405572222222))",1,[[<POINT (2.315 48.848)>]],0,53,0,0,15,4,0,6,2,1,64,125,0.031001984126984128,30.767013912651098
62,"POLYGON ((2.32237728 48.84443566666667, 2.32237728 48.83481561111111, 2.312551752 48.83481561111111, 2.312551752 48.84443566666667, 2.32237728 48.84443566666667))",3,"[[<POINT (2.321 48.843)>], [<POINT (2.313 48.842)>], [<POINT (2.322 48.839)>]]",10,105,2,1,11,6,0,3,7,0,75,117,0.02108108108108108,49.990346418732955
63,"POLYGON ((2.32237728 48.83481561111111, 2.32237728 48.82519555555556, 2.312551752 48.82519555555556, 2.312551752 48.83481561111111, 2.32237728 48.83481561111111))",2,"[[<POINT (2.32 48.832)>], [<POINT (2.32 48.831)>]]",10,78,0,0,14,9,1,1,7,1,90,128,0.015980024968789013,40.151823983573095
64,"POLYGON ((2.32237728 48.82519555555556, 2.32237728 48.820439139688716, 2.3213173 48.8206761, 2.3210151 48.8207421, 2.3208709 48.8207739, 2.3206348 48.8208256, 2.3198358 48.8210036, 2.3191232 48.8211615, 2.3187899 48.8212354, 2.3187514 48.8212439, 2.3187249 48.8212498, 2.3187012 48.8212551, 2.3183848 48.8213253, 2.3183326 48.8213368, 2.318011 48.8214081, 2.3168502 48.8216633, 2.3147321 48.8221408, 2.3145538 48.822174, 2.3143633 48.8222148, 2.314133 48.8222632, 2.3138 48.8223339, 2.3133907 48.8224327, 2.3133857 48.822427, 2.3130139 48.8225108, 2.312551752 48.82261496787381, 2.312551752 48.82519555555556, 2.32237728 48.82519555555556))",1,[[<POINT (2.319 48.824)>]],0,6,0,0,0,2,0,0,1,0,37,56,0.042042042042042045,40.08238212561742
65,"POLYGON ((2.32237728 48.9008294185615, 2.3240848 48.9008857, 2.3258802 48.9009525, 2.3277816 48.9009898, 2.3301825 48.9010281, 2.332202808 48.90107718904041, 2.332202808 48.89253594444444, 2.32237728 48.89253594444444, 2.32237728 48.9008294185615))",1,[[<POINT (2.323 48.898)>]],2,26,0,0,16,5,0,2,5,0,95,160,0.01791713325867861,59.964802994399825
66,"POLYGON ((2.332202808 48.89253594444444, 2.332202808 48.88291588888889, 2.32237728 48.88291588888889, 2.32237728 48.89253594444444, 2.332202808 48.89253594444444))",1,[[<POINT (2.331 48.885)>]],3,108,0,0,19,6,3,2,19,0,88,124,0.01619644723092999,56.004375627605164
67,"POLYGON ((2.332202808 48.88291588888889, 2.332202808 48.87329583333333, 2.32237728 48.87329583333333, 2.32237728 48.88291588888889, 2.332202808 48.88291588888889))",4,"[[<POINT (2.329 48.88)>], [<POINT (2.326 48.88)>], [<POINT (2.332 48.881)>], [<POINT (2.322 48.879)>]]",5,154,0,0,12,2,1,5,13,3,92,137,0.0163640707118968,25.689551461798967
68,"POLYGON ((2.332202808 48.87329583333333, 2.332202808 48.86367577777778, 2.32237728 48.86367577777778, 2.32237728 48.87329583333333, 2.332202808 48.87329583333333))",3,"[[<POINT (2.331 48.864)>], [<POINT (2.323 48.871)>], [<POINT (2.326 48.872)>]]",4,149,0,0,2,0,1,2,24,2,69,110,0.023444160272804774,23.640707561990517
69,"POLYGON ((2.332202808 48.86367577777778, 2.332202808 48.85405572222222, 2.32237728 48.85405572222222, 2.32237728 48.86367577777778, 2.332202808 48.86367577777778))",3,"[[<POINT (2.327 48.857)>], [<POINT (2.33 48.855)>], [<POINT (2.328 48.857)>]]",3,50,1,7,4,1,0,3,3,0,56,94,0.03051948051948052,24.741906349145314
70,"POLYGON ((2.332202808 48.85405572222222, 2.332202808 48.84443566666667, 2.32237728 48.84443566666667, 2.32237728 48.85405572222222, 2.332202808 48.85405572222222))",4,"[[<POINT (2.324 48.848)>], [<POINT (2.332 48.847)>], [<POINT (2.332 48.852)>], [<POINT (2.329 48.845)>]]",5,79,1,2,30,4,1,11,9,0,86,171,0.023392612859097127,28.4444285772188
71,"POLYGON ((2.332202808 48.84443566666667, 2.332202808 48.83481561111111, 2.32237728 48.83481561111111, 2.32237728 48.84443566666667, 2.332202808 48.84443566666667))",5,"[[<POINT (2.33 48.84)>], [<POINT (2.323 48.842)>], [<POINT (2.328 48.843)>], [<POINT (2.324 48.841)>], [<POINT (2.325 48.841)>]]",8,172,1,4,11,3,8,4,8,1,97,161,0.017289518900343644,38.27834465765452
72,"POLYGON ((2.332202808 48.83481561111111, 2.332202808 48.82519555555556, 2.32237728 48.82519555555556, 2.32237728 48.83481561111111, 2.332202808 48.83481561111111))",4,"[[<POINT (2.33 48.835)>], [<POINT (2.326 48.833)>], [<POINT (2.323 48.826)>], [<POINT (2.326 48.826)>]]",13,94,1,0,10,3,2,6,28,2,104,167,0.015589992531740104,40.08238212561742
73,"POLYGON ((2.332202808 48.82519555555556, 2.332202808 48.818249932008456, 2.3321647 48.8182596, 2.3317783 48.818344, 2.3315752 48.8183899, 2.3312994 48.8184489, 2.3308144 48.8185552, 2.330793 48.8185597, 2.3302869 48.8186665, 2.3302117 48.8186833, 2.3301823 48.8186899, 2.3293503 48.8188782, 2.3292675 48.8188952, 2.3274555 48.8193015, 2.3269174 48.8194224, 2.3268722 48.8194324, 2.3268014 48.8194458, 2.3266627 48.8194772, 2.3263256 48.8195531, 2.3262721 48.8195651, 2.3260856 48.8196072, 2.325938 48.8196405, 2.3257661 48.8196803, 2.3255964 48.8197195, 2.32237728 48.820439139688716, 2.32237728 48.82519555555556, 2.332202808 48.82519555555556))",16,"[[<POINT (2.323 48.825)>], [<POINT (2.323 48.825)>], [<POINT (2.324 48.825)>], [<POINT (2.323 48.825)>], [<POINT (2.323 48.825)>], [<POINT (2.323 48.825)>], [<POINT (2.323 48.825)>], [<POINT (2.324 48.825)>], [<POINT (2.323 48.825)>], [<POINT (2.323 48.825)>], [<POINT (2.323 48.825)>], [<POINT (2.323 48.825)>], [<POINT (2.323 48.825)>], [<POINT (2.323 48.825)>], [<POINT (2.323 48.825)>], [<POINT (2.323 48.825)>]]",18,16,0,0,0,1,0,1,3,0,64,110,0.027281746031746032,40.08238212561743
74,"POLYGON ((2.332202808 48.90107718904041, 2.334615 48.9011358, 2.3346298 48.9011361, 2.3346874 48.9011373, 2.3347159 48.9011379, 2.334835 48.9011408, 2.335107 48.9011475, 2.3352678 48.9011502, 2.3353793 48.9011527, 2.3354309 48.9011538, 2.3354926 48.9011553, 2.3355071 48.9011555, 2.3356163 48.9011577, 2.3356539 48.9011584, 2.3358319 48.9011622, 2.3360336 48.9011669, 2.3360628 48.9011676, 2.3361725 48.9011702, 2.336375 48.9011752, 2.3365431 48.9011783, 2.3365959 48.9011795, 2.3367057 48.9011817, 2.3367171 48.9011819, 2.3367567 48.901183, 2.3369673 48.9011881, 2.3371369 48.9011928, 2.3371435 48.901193, 2.3372746 48.9011971, 2.342028336 48.90128980731051, 2.342028336 48.89253594444444, 2.332202808 48.89253594444444, 2.332202808 48.90107718904041))",2,"[[<POINT (2.336 48.895)>], [<POINT (2.341 48.893)>]]",1,24,1,1,11,3,0,1,2,0,80,150,0.023734177215189875,47.281500857451256
75,"POLYGON ((2.342028336 48.89253594444444, 2.342028336 48.88291588888889, 2.332202808 48.88291588888889, 2.332202808 48.89253594444444, 2.342028336 48.89253594444444))",1,[[<POINT (2.339 48.89)>]],0,165,0,0,9,7,1,3,7,0,130,208,0.012403100775193798,46.01698522514349
76,"POLYGON ((2.342028336 48.88291588888889, 2.342028336 48.87329583333333, 2.332202808 48.87329583333333, 2.332202808 48.88291588888889, 2.342028336 48.88291588888889))",3,"[[<POINT (2.338 48.876)>], [<POINT (2.335 48.879)>], [<POINT (2.339 48.882)>]]",4,246,1,0,18,1,1,10,6,3,108,165,0.014278296988577362,28.84064788629617
77,"POLYGON ((2.342028336 48.87329583333333, 2.342028336 48.86367577777778, 2.332202808 48.86367577777778, 2.332202808 48.87329583333333, 2.342028336 48.87329583333333))",2,"[[<POINT (2.339 48.872)>], [<POINT (2.334 48.87)>]]",5,295,4,0,7,3,2,1,3,2,125,222,0.01432258064516129,29.671045027817623
78,"POLYGON ((2.342028336 48.86367577777778, 2.342028336 48.85405572222222, 2.332202808 48.85405572222222, 2.332202808 48.86367577777778, 2.342028336 48.86367577777778))",3,"[[<POINT (2.341 48.863)>], [<POINT (2.339 48.862)>], [<POINT (2.341 48.86)>]]",14,90,2,5,5,5,2,3,2,0,43,60,0.03322259136212625,24.17316814247752
79,"POLYGON ((2.342028336 48.85405572222222, 2.342028336 48.84443566666667, 2.332202808 48.84443566666667, 2.332202808 48.85405572222222, 2.342028336 48.85405572222222))",1,[[<POINT (2.34 48.848)>]],4,149,2,10,7,3,6,4,14,0,109,189,0.016055045871559634,30.48103590403061
80,"POLYGON ((2.342028336 48.84443566666667, 2.342028336 48.83481561111111, 2.332202808 48.83481561111111, 2.332202808 48.84443566666667, 2.342028336 48.84443566666667))",3,"[[<POINT (2.336 48.843)>], [<POINT (2.339 48.842)>], [<POINT (2.337 48.839)>]]",13,40,2,5,9,2,0,8,6,0,56,107,0.03474025974025974,39.698599203581125
81,"POLYGON ((2.342028336 48.83481561111111, 2.342028336 48.82519555555556, 2.332202808 48.82519555555556, 2.332202808 48.83481561111111, 2.342028336 48.83481561111111))",0,[],3,32,1,2,14,3,0,5,4,1,78,132,0.02197802197802198,40.08238212561742
82,"POLYGON ((2.342028336 48.82519555555556, 2.342028336 48.816271441553106, 2.3416672 48.8163437, 2.3404582 48.8164067, 2.3402933 48.8164153, 2.3395287 48.8164436, 2.3386644 48.8164844, 2.3380169 48.8165202, 2.3360975 48.8166201, 2.3355935 48.8166545, 2.3353358 48.8166748, 2.3352203 48.8166827, 2.3351407 48.8166869, 2.3349407 48.8166965, 2.3347717 48.816706, 2.3347207 48.8167068, 2.3339902 48.8167464, 2.3338206 48.8167556, 2.3337086 48.8167639, 2.3323383 48.8169565, 2.3322416 48.8169651, 2.332202808 48.816971074210194, 2.332202808 48.817891288715515, 2.3323719 48.818207, 2.332212 48.8182476, 2.332202808 48.818249932008456, 2.332202808 48.82519555555556, 2.342028336 48.82519555555556))",4,"[[<POINT (2.337 48.824)>], [<POINT (2.337 48.824)>], [<POINT (2.337 48.824)>], [<POINT (2.337 48.821)>]]",5,11,0,0,0,3,0,0,3,0,15,24,0.11428571428571428,40.02181060608273
83,"POLYGON ((2.342028336 48.90128980731051, 2.3441098 48.9013304, 2.3480617 48.9014138, 2.351853864 48.90148968619764, 2.351853864 48.89253594444444, 2.342028336 48.89253594444444, 2.342028336 48.90128980731051))",0,[],2,45,0,1,8,3,0,5,4,0,86,137,0.018741450068399453,47.28150085745126
84,"POLYGON ((2.351853864 48.89253594444444, 2.351853864 48.88291588888889, 2.342028336 48.88291588888889, 2.342028336 48.89253594444444, 2.351853864 48.89253594444444))",0,[],0,103,1,0,14,2,1,3,15,5,126,225,0.014285714285714285,46.40001758150371
85,"POLYGON ((2.351853864 48.88291588888889, 2.351853864 48.87329583333333, 2.342028336 48.87329583333333, 2.342028336 48.88291588888889, 2.351853864 48.88291588888889))",0,[],2,239,1,0,16,3,0,5,9,3,97,151,0.016215635738831616,35.346643279517366
86,"POLYGON ((2.351853864 48.87329583333333, 2.351853864 48.86367577777778, 2.342028336 48.86367577777778, 2.342028336 48.87329583333333, 2.351853864 48.87329583333333))",8,"[[<POINT (2.344 48.865)>], [<POINT (2.345 48.87)>], [<POINT (2.344 48.864)>], [<POINT (2.351 48.868)>], [<POINT (2.343 48.866)>], [<POINT (2.35 48.87)>], [<POINT (2.344 48.865)>], [<POINT (2.343 48.865)>]]",17,345,0,1,14,2,2,3,16,1,58,85,0.02571082879612825,37.0425747490183
87,"POLYGON ((2.351853864 48.86367577777778, 2.351853864 48.85405572222222, 2.342028336 48.85405572222222, 2.342028336 48.86367577777778, 2.351853864 48.86367577777778))",5,"[[<POINT (2.345 48.854)>], [<POINT (2.346 48.854)>], [<POINT (2.347 48.858)>], [<POINT (2.346 48.862)>], [<POINT (2.345 48.859)>]]",11,234,3,1,3,1,2,5,34,1,43,59,0.032668881506090805,26.573750523548334
88,"POLYGON ((2.351853864 48.85405572222222, 2.351853864 48.84443566666667, 2.342028336 48.84443566666667, 2.342028336 48.85405572222222, 2.351853864 48.85405572222222))",7,"[[<POINT (2.351 48.848)>], [<POINT (2.344 48.85)>], [<POINT (2.347 48.848)>], [<POINT (2.347 48.851)>], [<POINT (2.345 48.846)>], [<POINT (2.348 48.846)>], [<POINT (2.345 48.85)>]]",6,254,9,15,10,10,9,12,40,1,111,190,0.015561015561015561,47.76990806495349
89,"POLYGON ((2.351853864 48.84443566666667, 2.351853864 48.83481561111111, 2.342028336 48.83481561111111, 2.342028336 48.84443566666667, 2.351853864 48.84443566666667))",2,"[[<POINT (2.348 48.84)>], [<POINT (2.351 48.839)>]]",2,112,6,10,13,17,3,10,15,1,83,150,0.022039377020276227,47.91767587143519
90,"POLYGON ((2.351853864 48.83481561111111, 2.351853864 48.82519555555556, 2.342028336 48.82519555555556, 2.342028336 48.83481561111111, 2.351853864 48.83481561111111))",3,"[[<POINT (2.343 48.826)>], [<POINT (2.346 48.831)>], [<POINT (2.343 48.826)>]]",23,48,1,0,16,2,0,5,5,1,72,124,0.024256651017214397,44.288146244831296
91,"POLYGON ((2.351853864 48.82519555555556, 2.351853864 48.81826851544057, 2.3486894 48.8167277, 2.3485476 48.8166586, 2.3484943 48.8166328, 2.3483612 48.8165678, 2.3481888 48.8164837, 2.3479768 48.8163803, 2.3477868 48.8162876, 2.347389 48.8160945, 2.3471919 48.8159982, 2.3469205 48.8158654, 2.3466225 48.8158942, 2.3464267 48.8159133, 2.3444323 48.8161064, 2.3444967 48.8155755, 2.343974 48.8157662, 2.3436497 48.815868, 2.3430541 48.8160662, 2.342028336 48.816271441553106, 2.342028336 48.82519555555556, 2.351853864 48.82519555555556))",2,"[[<POINT (2.351 48.82)>], [<POINT (2.343 48.821)>]]",74,10,1,0,2,3,0,0,3,0,87,152,0.020315423683507083,43.59397376070617
92,"POLYGON ((2.351853864 48.90148968619764, 2.3519495 48.9014916, 2.3519837 48.9014932, 2.3530999 48.901507, 2.3532526 48.9015126, 2.3550659 48.9015474, 2.3578445 48.9016087, 2.3588508 48.901624, 2.3615108 48.9016786, 2.361679392 48.90168199169382, 2.361679392 48.89253594444444, 2.351853864 48.89253594444444, 2.351853864 48.90148968619764))",1,[[<POINT (2.352 48.898)>]],0,7,0,0,7,3,0,0,2,0,51,77,0.03019607843137255,47.28150085745127
93,"POLYGON ((2.361679392 48.89253594444444, 2.361679392 48.88291588888889, 2.351853864 48.88291588888889, 2.351853864 48.89253594444444, 2.361679392 48.89253594444444))",1,[[<POINT (2.354 48.891)>]],1,63,1,0,13,8,0,11,1,1,78,127,0.021145521145521144,47.497293826148585
94,"POLYGON ((2.361679392 48.88291588888889, 2.361679392 48.87329583333333, 2.351853864 48.87329583333333, 2.351853864 48.88291588888889, 2.361679392 48.88291588888889))",2,"[[<POINT (2.356 48.879)>], [<POINT (2.355 48.875)>]]",17,141,2,0,11,5,0,5,30,0,74,127,0.023509811181044057,49.29643520372136
95,"POLYGON ((2.361679392 48.87329583333333, 2.361679392 48.86367577777778, 2.351853864 48.86367577777778, 2.351853864 48.87329583333333, 2.361679392 48.87329583333333))",7,"[[<POINT (2.358 48.867)>], [<POINT (2.359 48.865)>], [<POINT (2.361 48.865)>], [<POINT (2.354 48.871)>], [<POINT (2.354 48.871)>], [<POINT (2.354 48.871)>], [<POINT (2.354 48.871)>]]",2,257,4,1,12,4,2,6,5,1,87,128,0.01710772520716386,52.99387068493782
96,"POLYGON ((2.361679392 48.86367577777778, 2.361679392 48.85405572222222, 2.351853864 48.85405572222222, 2.351853864 48.86367577777778, 2.361679392 48.86367577777778))",5,"[[<POINT (2.354 48.86)>], [<POINT (2.353 48.863)>], [<POINT (2.354 48.859)>], [<POINT (2.359 48.855)>], [<POINT (2.361 48.86)>]]",13,171,3,1,11,5,4,10,8,1,69,98,0.020886615515771527,42.75489409792811
97,"POLYGON ((2.361679392 48.85405572222222, 2.361679392 48.84443566666667, 2.351853864 48.84443566666667, 2.351853864 48.85405572222222, 2.361679392 48.85405572222222))",1,[[<POINT (2.354 48.85)>]],12,75,8,2,8,5,1,1,6,0,66,115,0.026806526806526808,42.617251563742045
98,"POLYGON ((2.361679392 48.84443566666667, 2.361679392 48.83481561111111, 2.351853864 48.83481561111111, 2.351853864 48.84443566666667, 2.361679392 48.84443566666667))",4,"[[<POINT (2.356 48.84)>], [<POINT (2.352 48.844)>], [<POINT (2.352 48.841)>], [<POINT (2.359 48.837)>]]",11,62,1,1,11,3,0,2,17,0,83,150,0.022039377020276227,47.1187829091513
99,"POLYGON ((2.361679392 48.83481561111111, 2.361679392 48.82519555555556, 2.351853864 48.82519555555556, 2.351853864 48.83481561111111, 2.361679392 48.83481561111111))",4,"[[<POINT (2.358 48.826)>], [<POINT (2.358 48.826)>], [<POINT (2.358 48.826)>], [<POINT (2.354 48.829)>]]",23,85,1,1,12,4,3,4,22,5,98,190,0.01998737639385651,44.67281979232037
100,"POLYGON ((2.361679392 48.82519555555556, 2.361679392 48.816039279830115, 2.3600926 48.8160209, 2.3566126 48.8159806, 2.3559173 48.8159723, 2.3523989 48.8185339, 2.351853864 48.81826851544057, 2.351853864 48.82519555555556, 2.361679392 48.82519555555556))",5,"[[<POINT (2.36 48.817)>], [<POINT (2.36 48.817)>], [<POINT (2.361 48.817)>], [<POINT (2.359 48.817)>], [<POINT (2.354 48.823)>]]",50,39,0,0,9,9,0,0,2,0,85,146,0.020448179271708684,44.67281979232037
101,"POLYGON ((2.361679392 48.90168199169382, 2.3617146 48.9016827, 2.3619858 48.9016883, 2.3656078 48.9017626, 2.370105 48.9018542, 2.3702923 48.90186, 2.37150492 48.90188486140814, 2.37150492 48.89253594444444, 2.361679392 48.89253594444444, 2.361679392 48.90168199169382))",2,"[[<POINT (2.371 48.899)>], [<POINT (2.365 48.899)>]]",3,8,1,0,8,5,0,2,0,15,52,82,0.03092006033182504,46.69966286686358
102,"POLYGON ((2.37150492 48.89253594444444, 2.37150492 48.88291588888889, 2.361679392 48.88291588888889, 2.361679392 48.89253594444444, 2.37150492 48.89253594444444))",1,[[<POINT (2.369 48.892)>]],5,46,3,0,13,4,0,2,3,1,51,77,0.03019607843137255,46.89768195539199
103,"POLYGON ((2.37150492 48.88291588888889, 2.37150492 48.87329583333333, 2.361679392 48.87329583333333, 2.361679392 48.88291588888889, 2.37150492 48.88291588888889))",3,"[[<POINT (2.371 48.882)>], [<POINT (2.363 48.881)>], [<POINT (2.368 48.877)>]]",3,88,1,0,18,7,0,3,7,3,62,101,0.026705446853516657,49.18368280786363
104,"POLYGON ((2.37150492 48.87329583333333, 2.37150492 48.86367577777778, 2.361679392 48.86367577777778, 2.361679392 48.87329583333333, 2.37150492 48.87329583333333))",1,[[<POINT (2.366 48.865)>]],3,182,1,0,12,3,0,2,14,3,103,179,0.017037883114410814,54.80929634345863
105,"POLYGON ((2.37150492 48.86367577777778, 2.37150492 48.85405572222222, 2.361679392 48.85405572222222, 2.361679392 48.86367577777778, 2.37150492 48.86367577777778))",1,[[<POINT (2.365 48.862)>]],2,150,1,0,18,17,1,5,5,1,88,153,0.019984326018808778,54.50836758867024
106,"POLYGON ((2.37150492 48.85405572222222, 2.37150492 48.84443566666667, 2.361679392 48.84443566666667, 2.361679392 48.85405572222222, 2.37150492 48.85405572222222))",0,[],4,68,1,0,7,5,2,4,13,0,84,126,0.018072289156626505,34.288437199815775
107,"POLYGON ((2.37150492 48.84443566666667, 2.37150492 48.83481561111111, 2.361679392 48.83481561111111, 2.361679392 48.84443566666667, 2.37150492 48.84443566666667))",0,[],5,27,2,0,2,1,0,5,2,1,38,62,0.044096728307254626,44.56891970113039
108,"POLYGON ((2.37150492 48.83481561111111, 2.37150492 48.82519555555556, 2.361679392 48.82519555555556, 2.361679392 48.83481561111111, 2.37150492 48.83481561111111))",2,"[[<POINT (2.363 48.833)>], [<POINT (2.371 48.829)>]]",3,42,4,1,15,7,0,2,14,1,83,153,0.02248016456068175,44.67281979232037
109,"POLYGON ((2.37150492 48.82519555555556, 2.37150492 48.81866117655577, 2.3669819 48.8172057, 2.3661679 48.8169138, 2.3647314 48.8164817, 2.3642489 48.8163269, 2.3634078 48.8160593, 2.361679392 48.816039279830115, 2.361679392 48.82519555555556, 2.37150492 48.82519555555556))",3,"[[<POINT (2.362 48.819)>], [<POINT (2.368 48.823)>], [<POINT (2.364 48.821)>]]",22,56,0,0,13,6,0,6,5,2,49,74,0.031462585034013606,44.21617017572496
110,"POLYGON ((2.37150492 48.90188486140814, 2.3715507 48.9018858, 2.3759783 48.9019808, 2.3790003 48.9020474, 2.380076 48.9020689, 2.381330448 48.90209399933401, 2.381330448 48.89253594444444, 2.37150492 48.89253594444444, 2.37150492 48.90188486140814))",8,"[[<POINT (2.374 48.899)>], [<POINT (2.373 48.9)>], [<POINT (2.373 48.896)>], [<POINT (2.373 48.896)>], [<POINT (2.373 48.896)>], [<POINT (2.373 48.896)>], [<POINT (2.373 48.896)>], [<POINT (2.38 48.894)>]]",5,12,1,0,7,10,1,1,3,0,23,35,0.0691699604743083,44.9168321772181
111,"POLYGON ((2.381330448 48.89253594444444, 2.381330448 48.88291588888889, 2.37150492 48.88291588888889, 2.37150492 48.89253594444444, 2.381330448 48.89253594444444))",11,"[[<POINT (2.378 48.888)>], [<POINT (2.378 48.892)>], [<POINT (2.378 48.892)>], [<POINT (2.378 48.892)>], [<POINT (2.378 48.892)>], [<POINT (2.378 48.892)>], [<POINT (2.378 48.892)>], [<POINT (2.373 48.891)>], [<POINT (2.372 48.889)>], [<POINT (2.373 48.888)>], [<POINT (2.378 48.892)>]]",2,57,0,0,13,5,1,2,2,0,55,86,0.028956228956228958,45.775091148472775
112,"POLYGON ((2.381330448 48.88291588888889, 2.381330448 48.87329583333333, 2.37150492 48.87329583333333, 2.37150492 48.88291588888889, 2.381330448 48.88291588888889))",2,"[[<POINT (2.381 48.877)>], [<POINT (2.373 48.876)>]]",18,50,1,2,25,3,0,6,5,1,74,119,0.022028878193261756,46.43073889097723
113,"POLYGON ((2.381330448 48.87329583333333, 2.381330448 48.86367577777778, 2.37150492 48.86367577777778, 2.37150492 48.87329583333333, 2.381330448 48.87329583333333))",2,"[[<POINT (2.381 48.869)>], [<POINT (2.373 48.872)>]]",10,179,1,0,17,3,0,10,20,2,100,163,0.016464646464646463,56.608373132687
114,"POLYGON ((2.381330448 48.86367577777778, 2.381330448 48.85405572222222, 2.37150492 48.85405572222222, 2.37150492 48.86367577777778, 2.381330448 48.86367577777778))",4,"[[<POINT (2.372 48.86)>], [<POINT (2.38 48.859)>], [<POINT (2.38 48.859)>], [<POINT (2.378 48.855)>]]",2,171,1,0,12,7,0,6,8,1,90,151,0.01885143570536829,59.9482903402518
115,"POLYGON ((2.381330448 48.85405572222222, 2.381330448 48.84443566666667, 2.37150492 48.84443566666667, 2.37150492 48.85405572222222, 2.381330448 48.85405572222222))",7,"[[<POINT (2.378 48.847)>], [<POINT (2.378 48.847)>], [<POINT (2.378 48.847)>], [<POINT (2.378 48.847)>], [<POINT (2.377 48.848)>], [<POINT (2.377 48.848)>], [<POINT (2.375 48.851)>]]",53,167,1,0,13,14,1,3,6,1,88,143,0.01867816091954023,38.2535890887711
116,"POLYGON ((2.381330448 48.84443566666667, 2.381330448 48.83481561111111, 2.37150492 48.83481561111111, 2.37150492 48.84443566666667, 2.381330448 48.84443566666667))",1,[[<POINT (2.378 48.844)>]],10,25,0,0,4,1,0,1,2,4,51,82,0.03215686274509804,33.473764186250435
117,"POLYGON ((2.381330448 48.83481561111111, 2.381330448 48.82519555555556, 2.37150492 48.82519555555556, 2.37150492 48.83481561111111, 2.381330448 48.83481561111111))",3,"[[<POINT (2.372 48.832)>], [<POINT (2.374 48.829)>], [<POINT (2.381 48.828)>]]",52,51,4,2,9,6,2,2,4,1,65,137,0.03293269230769231,44.67281979232037
118,"POLYGON ((2.381330448 48.82519555555556, 2.381330448 48.822240116828844, 2.3807452 48.8216877, 2.3791335 48.8211634, 2.3790883 48.8211487, 2.3790587 48.8211391, 2.3787394 48.821035, 2.3778589 48.820748, 2.3778096 48.8207311, 2.377775 48.8207192, 2.376025 48.8201183, 2.3746098 48.8196609, 2.3741539 48.8195136, 2.37150492 48.81866117655577, 2.37150492 48.82519555555556, 2.381330448 48.82519555555556))",3,"[[<POINT (2.375 48.823)>], [<POINT (2.373 48.825)>], [<POINT (2.373 48.822)>]]",24,10,0,0,3,1,0,1,1,0,45,78,0.03939393939393939,42.4421213979281
119,"POLYGON ((2.381330448 48.90209399933401, 2.3844292 48.902156, 2.3849847 48.9020514, 2.386186 48.9018252, 2.38724 48.9016275, 2.3892039 48.901259, 2.3893896 48.9012193, 2.390567 48.9010036, 2.3906903 48.900981, 2.391155976 48.90072452907728, 2.391155976 48.89253594444444, 2.381330448 48.89253594444444, 2.381330448 48.90209399933401))",3,"[[<POINT (2.385 48.895)>], [<POINT (2.387 48.896)>], [<POINT (2.386 48.896)>]]",9,27,1,0,0,2,3,0,1,2,59,100,0.029222676797194622,43.83872575840637
120,"POLYGON ((2.391155976 48.89253594444444, 2.391155976 48.88291588888889, 2.381330448 48.88291588888889, 2.381330448 48.89253594444444, 2.391155976 48.89253594444444))",2,"[[<POINT (2.389 48.889)>], [<POINT (2.389 48.889)>]]",3,45,1,0,16,2,0,3,5,1,69,128,0.027280477408354646,45.775091148472775
121,"POLYGON ((2.391155976 48.88291588888889, 2.391155976 48.87329583333333, 2.381330448 48.87329583333333, 2.381330448 48.88291588888889, 2.391155976 48.88291588888889))",4,"[[<POINT (2.387 48.874)>], [<POINT (2.389 48.88)>], [<POINT (2.383 48.883)>], [<POINT (2.386 48.882)>]]",3,53,2,0,18,0,0,2,8,0,53,83,0.03011611030478955,45.92399629912697
122,"POLYGON ((2.391155976 48.87329583333333, 2.391155976 48.86367577777778, 2.381330448 48.86367577777778, 2.381330448 48.87329583333333, 2.391155976 48.87329583333333))",3,"[[<POINT (2.385 48.87)>], [<POINT (2.39 48.868)>], [<POINT (2.39 48.873)>]]",4,56,2,0,22,11,0,4,10,0,70,111,0.02298136645962733,49.215476743096815
123,"POLYGON ((2.391155976 48.86367577777778, 2.391155976 48.85405572222222, 2.381330448 48.85405572222222, 2.381330448 48.86367577777778, 2.391155976 48.86367577777778))",2,"[[<POINT (2.39 48.858)>], [<POINT (2.384 48.859)>]]",0,84,0,0,9,8,0,4,2,0,97,171,0.01836340206185567,58.10890330717043
124,"POLYGON ((2.391155976 48.85405572222222, 2.391155976 48.84443566666667, 2.381330448 48.84443566666667, 2.381330448 48.85405572222222, 2.391155976 48.85405572222222))",4,"[[<POINT (2.383 48.853)>], [<POINT (2.388 48.847)>], [<POINT (2.388 48.847)>], [<POINT (2.388 48.847)>]]",19,119,2,2,14,4,0,4,2,0,58,110,0.03327283726557774,43.29007094539107
125,"POLYGON ((2.391155976 48.84443566666667, 2.391155976 48.83481561111111, 2.381330448 48.83481561111111, 2.381330448 48.84443566666667, 2.391155976 48.84443566666667))",2,"[[<POINT (2.388 48.839)>], [<POINT (2.383 48.838)>]]",20,33,0,0,7,8,0,3,6,1,43,74,0.04097452934662237,30.947661417963978
126,"POLYGON ((2.391155976 48.83481561111111, 2.391155976 48.82612140018403, 2.3909513 48.8260324, 2.3902559 48.8257262, 2.3897776 48.8255204, 2.389168070630015 48.82519555555556, 2.381330448 48.82519555555556, 2.381330448 48.83481561111111, 2.391155976 48.83481561111111))",1,[[<POINT (2.383 48.829)>]],2,25,1,1,3,3,1,0,4,1,78,120,0.01998001998001998,36.23263619429661
127,"POLYGON ((2.389168070630015 48.82519555555556, 2.3888381 48.8250197, 2.3888124 48.825006, 2.3871992 48.8244334, 2.3871708 48.8244233, 2.3870497 48.82438, 2.3851504 48.8237015, 2.383964 48.8232812, 2.3815135 48.8224129, 2.381330448 48.822240116828844, 2.381330448 48.82519555555556, 2.389168070630015 48.82519555555556))",0,[],0,0,0,0,0,0,0,0,0,0,5,6,0.3,42.553656317647715
128,"POLYGON ((2.391155976 48.90072452907728, 2.3912105 48.9006945, 2.3912182 48.9006901, 2.3912233 48.9006873, 2.3912784 48.9006562, 2.39374 48.8992669, 2.3955274 48.8982617, 2.3957809 48.8978504, 2.3960266 48.8974517, 2.396441 48.8967793, 2.3964598 48.8967483, 2.3969294 48.895982, 2.3969977 48.8958673, 2.3970261 48.8958206, 2.397073 48.8957432, 2.397727 48.8946512, 2.3977623 48.8945923, 2.3980139 48.8936755, 2.3980216 48.8936459, 2.3980285 48.8936194, 2.3980461 48.8935581, 2.3980795 48.8934363, 2.3981193 48.8932835, 2.398286 48.8926313, 2.3983110031610466 48.89253594444444, 2.391155976 48.89253594444444, 2.391155976 48.90072452907728))",0,[],2,0,0,0,0,0,0,0,0,0,5,7,0.35,37.934201353043726
129,"POLYGON ((2.3983110031610466 48.89253594444444, 2.3986237 48.8913434, 2.3987974 48.89024, 2.3989152 48.8895628, 2.3991689 48.8883292, 2.3991897 48.8882343, 2.3991941 48.8876735, 2.3991945 48.8876351, 2.3992054 48.886712, 2.3992069 48.8865405, 2.399208 48.8858693, 2.3992165 48.8854211, 2.4000919 48.8838165, 2.400981504 48.88303811264644, 2.400981504 48.88291588888889, 2.391155976 48.88291588888889, 2.391155976 48.89253594444444, 2.3983110031610466 48.89253594444444))",0,[],4,17,1,0,4,3,1,1,4,0,77,138,0.023581681476418318,44.95886252849977
130,"POLYGON ((2.400981504 48.88291588888889, 2.400981504 48.87329583333333, 2.391155976 48.87329583333333, 2.391155976 48.88291588888889, 2.400981504 48.88291588888889))",3,"[[<POINT (2.4 48.876)>], [<POINT (2.391 48.874)>], [<POINT (2.392 48.878)>]]",2,17,2,0,9,6,0,1,4,0,63,117,0.029953917050691243,46.39946584914692
131,"POLYGON ((2.400981504 48.87329583333333, 2.400981504 48.86367577777778, 2.391155976 48.86367577777778, 2.391155976 48.87329583333333, 2.400981504 48.87329583333333))",4,"[[<POINT (2.397 48.867)>], [<POINT (2.393 48.866)>], [<POINT (2.399 48.872)>], [<POINT (2.398 48.864)>]]",2,62,3,0,18,6,1,2,5,2,86,153,0.020930232558139535,48.56834638833081
132,"POLYGON ((2.400981504 48.86367577777778, 2.400981504 48.85405572222222, 2.391155976 48.85405572222222, 2.391155976 48.86367577777778, 2.400981504 48.86367577777778))",0,[],3,27,1,1,13,4,0,6,1,1,32,46,0.046370967741935484,49.09918925489271
133,"POLYGON ((2.400981504 48.85405572222222, 2.400981504 48.84443566666667, 2.391155976 48.84443566666667, 2.391155976 48.85405572222222, 2.400981504 48.85405572222222))",7,"[[<POINT (2.396 48.846)>], [<POINT (2.394 48.848)>], [<POINT (2.394 48.848)>], [<POINT (2.394 48.848)>], [<POINT (2.394 48.848)>], [<POINT (2.394 48.848)>], [<POINT (2.394 48.848)>]]",18,78,1,0,8,2,1,0,6,3,81,149,0.022993827160493828,44.7986428613838
134,"POLYGON ((2.400981504 48.84443566666667, 2.400981504 48.83481561111111, 2.391155976 48.83481561111111, 2.391155976 48.84443566666667, 2.400981504 48.84443566666667))",0,[],5,56,1,0,10,7,0,4,3,1,80,140,0.022151898734177215,30.947661417963978
135,"POLYGON ((2.400981504 48.83481561111111, 2.400981504 48.82921927886079, 2.3997742 48.8288784, 2.3957464 48.8277321, 2.3943522 48.8275128, 2.3933003 48.8270539, 2.393214 48.8270163, 2.391155976 48.82612140018403, 2.391155976 48.83481561111111, 2.400981504 48.83481561111111))",6,"[[<POINT (2.399 48.831)>], [<POINT (2.399 48.831)>], [<POINT (2.399 48.831)>], [<POINT (2.399 48.831)>], [<POINT (2.399 48.831)>], [<POINT (2.398 48.831)>]]",6,3,0,0,1,0,0,0,1,0,19,29,0.0847953216374269,30.947661417963975
136,"POLYGON ((2.400981504 48.88303811264644, 2.401121191191876 48.88291588888889, 2.400981504 48.88291588888889, 2.400981504 48.88303811264644))",0,[],0,0,0,0,0,0,0,0,0,0,0,0,0.0,0.0
137,"POLYGON ((2.401121191191876 48.88291588888889, 2.4014693 48.8826113, 2.4037173 48.8814851, 2.4046122 48.8812198, 2.4071395 48.8805138, 2.4083783 48.8803825, 2.409293 48.8802781, 2.410807032 48.87846453211279, 2.410807032 48.87329583333333, 2.400981504 48.87329583333333, 2.400981504 48.88291588888889, 2.401121191191876 48.88291588888889))",0,[],4,8,0,0,5,2,1,2,1,1,62,103,0.027234267583289264,47.06405710904588
138,"POLYGON ((2.410807032 48.87329583333333, 2.410807032 48.86367577777778, 2.400981504 48.86367577777778, 2.400981504 48.87329583333333, 2.410807032 48.87329583333333))",3,"[[<POINT (2.409 48.873)>], [<POINT (2.405 48.865)>], [<POINT (2.409 48.866)>]]",1,22,1,0,6,5,0,5,1,1,86,138,0.018878248974008208,48.568346388330795
139,"POLYGON ((2.410807032 48.86367577777778, 2.410807032 48.85405572222222, 2.400981504 48.85405572222222, 2.400981504 48.86367577777778, 2.410807032 48.86367577777778))",2,"[[<POINT (2.403 48.859)>], [<POINT (2.406 48.861)>]]",4,25,1,0,16,7,0,2,4,1,72,119,0.023278560250391236,48.56834638833081
140,"POLYGON ((2.410807032 48.85405572222222, 2.410807032 48.84443566666667, 2.400981504 48.84443566666667, 2.400981504 48.85405572222222, 2.410807032 48.85405572222222))",1,[[<POINT (2.406 48.85)>]],2,43,1,0,12,8,0,2,4,0,74,131,0.02425027767493521,43.653377880275954
141,"POLYGON ((2.410807032 48.84443566666667, 2.410807032 48.83481561111111, 2.400981504 48.83481561111111, 2.400981504 48.84443566666667, 2.410807032 48.84443566666667))",2,"[[<POINT (2.407 48.844)>], [<POINT (2.41 48.841)>]]",12,24,0,0,15,12,0,3,2,0,82,142,0.021379102679915687,30.94766141796398
142,"POLYGON ((2.410807032 48.83481561111111, 2.410807032 48.82519555555556, 2.410232670548038 48.82519555555556, 2.4100482 48.8252583, 2.4099036 48.8253074, 2.4096219 48.8254189, 2.4092442 48.8255893, 2.4087713 48.8258283, 2.4083083 48.8260909, 2.407706 48.8264733, 2.4072826 48.8267646, 2.4065165 48.8273596, 2.4062283 48.8275739, 2.4054526 48.8281474, 2.4051946 48.8283313, 2.4049181 48.8285175, 2.4045837 48.828725, 2.4042668 48.8289036, 2.4039187 48.8290697, 2.4036629 48.8291808, 2.4030825 48.8294233, 2.4024879 48.8296469, 2.401494 48.8293657, 2.4013057 48.8293102, 2.4009961 48.8292234, 2.400981504 48.82921927886079, 2.400981504 48.83481561111111, 2.410807032 48.83481561111111))",0,[],3,1,0,0,0,1,0,0,0,0,16,22,0.09166666666666666,30.98728159966941
143,"POLYGON ((2.410807032 48.82519555555556, 2.410807032 48.82505095800942, 2.4108039 48.8250515, 2.4105181 48.8251161, 2.4102556 48.8251885, 2.4102443 48.8251916, 2.410232670548038 48.82519555555556, 2.410807032 48.82519555555556))",0,[],0,0,0,0,0,0,0,0,0,0,0,0,0.0,0.0
144,"POLYGON ((2.410807032 48.87846453211279, 2.4108392 48.878426, 2.410856 48.8784046, 2.4118563 48.877152, 2.4125003 48.8763788, 2.412525 48.8762834, 2.4125297 48.8762513, 2.4128442 48.8752063, 2.4128549 48.8751692, 2.4131542 48.8741348, 2.4131861 48.8740448, 2.4132183 48.8739412, 2.4132894 48.8736942, 2.4134012 48.8733081, 2.413404794998942 48.87329583333333, 2.410807032 48.87329583333333, 2.410807032 48.87846453211279))",0,[],0,0,0,0,0,0,0,0,0,0,7,11,0.2619047619047619,38.29683443746249
145,"POLYGON ((2.413404794998942 48.87329583333333, 2.4134473 48.8731508, 2.4136317 48.8724474, 2.4136461 48.8724055, 2.4138209 48.8705645, 2.4139452 48.8695112, 2.4139679 48.8693058, 2.4140042 48.8689246, 2.4139667 48.8678519, 2.413965 48.8675931, 2.4139614 48.8674618, 2.413912 48.8656741, 2.4138943 48.8651716, 2.4138599 48.8640706, 2.4139019 48.8637648, 2.4139139300300294 48.86367577777778, 2.410807032 48.86367577777778, 2.410807032 48.87329583333333, 2.413404794998942 48.87329583333333))",0,[],5,0,0,0,6,2,0,0,0,0,19,21,0.06140350877192982,45.93324027517947
146,"POLYGON ((2.4139139300300294 48.86367577777778, 2.4139144 48.8636723, 2.4139599 48.8633341, 2.4140589 48.8625712, 2.4145003 48.8598239, 2.4146685 48.8588654, 2.4147117 48.8587061, 2.4148508 48.8577988, 2.4149659 48.8570846, 2.4151669 48.8558675, 2.4152669 48.8552629, 2.4152827 48.8551803, 2.4153405 48.8548473, 2.415461 48.8542264, 2.415497573809524 48.85405572222222, 2.410807032 48.85405572222222, 2.410807032 48.86367577777778, 2.4139139300300294 48.86367577777778))",0,[],0,0,0,0,0,2,0,0,0,0,26,34,0.052307692307692305,48.56834638833079
147,"POLYGON ((2.415497573809524 48.85405572222222, 2.415524 48.8539324, 2.4155987 48.8534671, 2.4157103 48.8527876, 2.4158824 48.8518014, 2.416014 48.850994, 2.416038 48.8508465, 2.4161976 48.8498896, 2.4163604 48.8492351, 2.4164374 48.8487895, 2.4164078 48.8486413, 2.4164034 48.8486194, 2.4163914 48.8485641, 2.4163564 48.8483846, 2.4163042 48.8481235, 2.4162954 48.8480794, 2.4162624 48.8479143, 2.4162557 48.8478811, 2.4162005 48.847605, 2.4161931 48.8475679, 2.4161844 48.8475243, 2.4161771 48.847488, 2.4161592 48.8473985, 2.4161556 48.8473806, 2.4161381 48.8472933, 2.416119 48.8472048, 2.4160714 48.8469823, 2.4159926 48.8466141, 2.4159377 48.8464997, 2.4159441 48.8464432, 2.4158669 48.8459598, 2.4158594 48.8459217, 2.4158088 48.8456674, 2.4157916 48.845581, 2.415793 48.8455794, 2.4157655 48.8454469, 2.4157466 48.8453599, 2.4157227 48.8452458, 2.4156926 48.845106, 2.41548631435129 48.84443566666667, 2.410807032 48.84443566666667, 2.410807032 48.85405572222222, 2.415497573809524 48.85405572222222))",0,[],1,3,1,0,5,7,0,1,0,0,64,90,0.022321428571428572,44.06703633013717
148,"POLYGON ((2.41548631435129 48.84443566666667, 2.4153127 48.8438715, 2.4153056 48.8438487, 2.4152499 48.843665, 2.415209 48.8435303, 2.4151811 48.8434373, 2.415178 48.8434269, 2.4151421 48.8433199, 2.4144915 48.8412349, 2.4143498 48.8407524, 2.4143134 48.8406323, 2.4142862 48.840537, 2.4142573 48.8404383, 2.4142499 48.8404131, 2.4140656 48.8397848, 2.414057 48.8397453, 2.413979 48.8394954, 2.4139569 48.8394155, 2.4139342 48.8393327, 2.4139277 48.8393106, 2.413905 48.8392331, 2.413898 48.8392092, 2.4138875 48.8391733, 2.4138588 48.8390755, 2.4138484 48.83904, 2.4138157 48.8389283, 2.4138044 48.83889, 2.4137922 48.8388482, 2.4137822 48.8388142, 2.413719 48.8385986, 2.4136412 48.8383331, 2.4135969 48.8381828, 2.4135428 48.8379882, 2.4135331 48.8379542, 2.413513 48.8378838, 2.4133719 48.8375097, 2.4133474 48.8374389, 2.4133095 48.837337, 2.4131424 48.8368954, 2.4131004 48.8367846, 2.4130362 48.8366109, 2.4130221 48.8365726, 2.4130023 48.8365188, 2.4129803 48.8364593, 2.4129586 48.8364003, 2.4129239 48.8363064, 2.4128577 48.8361171, 2.4127861 48.8359233, 2.4127744 48.8358916, 2.4124881 48.8351162, 2.4124104 48.8349173, 2.412373292089274 48.83481561111111, 2.410807032 48.83481561111111, 2.410807032 48.84443566666667, 2.41548631435129 48.84443566666667))",0,[],0,0,0,0,3,0,0,0,0,0,25,40,0.06666666666666667,30.947661417963978
149,"POLYGON ((2.412373292089274 48.83481561111111, 2.4122756 48.8345479, 2.4119259 48.8343242, 2.4114001 48.833972, 2.4113209 48.833917, 2.4112276 48.8338666, 2.4114269 48.8338326, 2.4127939 48.833631, 2.4131254 48.8336049, 2.4134257 48.8335871, 2.4136526 48.8335769, 2.4139056 48.8335711, 2.4141387 48.833571, 2.4143693 48.8335759, 2.414622 48.8335877, 2.414883 48.8336055, 2.4151223 48.833626, 2.4153616 48.8336512, 2.4156077 48.8336823, 2.4158615 48.8337185, 2.4161107 48.833761, 2.4163436 48.8338049, 2.4166366 48.8338658, 2.4168864 48.8339254, 2.4171163 48.8339854, 2.4173319 48.8340448, 2.4188688 48.8345183, 2.4196543865515165 48.83481561111111, 2.42063256 48.83481561111111, 2.42063256 48.82519555555556, 2.410807032 48.82519555555556, 2.410807032 48.83481561111111, 2.412373292089274 48.83481561111111))",0,[],2,4,0,0,0,0,0,2,0,0,5,5,0.25,31.02528762582386
150,"POLYGON ((2.4196543865515165 48.83481561111111, 2.42063256 48.835185808175034, 2.42063256 48.83481561111111, 2.4196543865515165 48.83481561111111))",0,[],0,0,0,0,0,0,0,0,0,0,1,0,0.0,30.94766141796398
151,"POLYGON ((2.42063256 48.82519555555556, 2.42063256 48.82410775160009, 2.420356 48.8241138, 2.4202284 48.8241207, 2.4199475 48.8241451, 2.4198602 48.8241514, 2.419547 48.8241846, 2.4193217 48.8242118, 2.4193274 48.8242486, 2.4192314 48.8242621, 2.419034 48.8243004, 2.4186792 48.8243818, 2.4180742 48.8245385, 2.4179109 48.8245849, 2.4178147 48.8246069, 2.4177225 48.8246235, 2.4176276 48.8246398, 2.4172153 48.8247203, 2.416708 48.824794, 2.4163896 48.824825, 2.416073 48.8248444, 2.4156614 48.8248575, 2.4151562 48.8248594, 2.4146248 48.8248466, 2.4138483 48.8247961, 2.4131934 48.8247908, 2.4126166 48.8248159, 2.4122982 48.8248409, 2.4118362 48.8248881, 2.4112922 48.824967, 2.410807032 48.82505095800942, 2.410807032 48.82519555555556, 2.42063256 48.82519555555556))",0,[],0,0,0,0,0,0,0,0,0,0,0,0,0.0,31.27903021040935
152,"POLYGON ((2.42063256 48.835185808175034, 2.421602 48.8355527, 2.4221084 48.83578, 2.4221777 48.8358143, 2.4216968 48.8366691, 2.4216385 48.8368104, 2.4215633 48.8370386, 2.4215306 48.83715, 2.4214239 48.8377072, 2.4213 48.8382468, 2.4212226 48.8385555, 2.421074 48.8390539, 2.4209919 48.8393016, 2.4208564 48.8396534, 2.4207249 48.8399465, 2.42063256 48.84013148652282, 2.42063256 48.84378798553237, 2.421977009171803 48.84443566666667, 2.4222256965646767 48.84443566666667, 2.4223441 48.8443738, 2.4224549 48.8442956, 2.4225741 48.8441997, 2.4227583 48.844006, 2.4228583 48.8438881, 2.4229404 48.8437789, 2.4230659 48.8435911, 2.4231929 48.8434022, 2.423478 48.8429793, 2.4237003 48.8426861, 2.4240616 48.8423349, 2.4245669 48.841947, 2.4248157 48.8419004, 2.4247605 48.8417696, 2.4250455 48.841725, 2.4250912 48.8417201, 2.4255749 48.8416801, 2.4275631 48.8415092, 2.4282676 48.8414483, 2.430458088 48.84126088389336, 2.430458088 48.83481561111111, 2.42063256 48.83481561111111, 2.42063256 48.835185808175034))",0,[],0,1,0,0,0,0,0,0,0,0,2,2,1.0,34.11488220659503
153,"POLYGON ((2.421977009171803 48.84443566666667, 2.4221064 48.844498, 2.4222256965646767 48.84443566666667, 2.421977009171803 48.84443566666667))",0,[],0,0,0,0,0,0,0,0,0,0,0,0,0.0,0.0
154,"POLYGON ((2.430458088 48.83481561111111, 2.430458088 48.82519555555556, 2.42063256 48.82519555555556, 2.42063256 48.83481561111111, 2.430458088 48.83481561111111))",0,[],1,0,0,0,0,0,0,0,0,0,0,0,0.0,30.94766141796397
155,"POLYGON ((2.430458088 48.82519555555556, 2.430458088 48.823320983208674, 2.4302392 48.8234026, 2.4297508 48.8235653, 2.4292498 48.8237087, 2.4289466 48.8237863, 2.4283754 48.8239124, 2.4278325 48.8240111, 2.4271518 48.8241115, 2.4265006 48.8241836, 2.4259572 48.824229, 2.4256513 48.824248, 2.4249497 48.8242682, 2.424475 48.82427, 2.4239785 48.8242592, 2.4228735 48.824208, 2.422527 48.8241911, 2.4219893 48.8241649, 2.4217808 48.8241548, 2.4217075 48.8241527, 2.421691 48.824126, 2.4211239 48.824109, 2.4208041 48.824104, 2.42063256 48.82410775160009, 2.42063256 48.82519555555556, 2.430458088 48.82519555555556))",0,[],0,0,0,0,0,0,0,0,0,0,0,0,0.0,30.94766141796398
156,"POLYGON ((2.430458088 48.84126088389336, 2.432446 48.8410908, 2.4336379 48.8409864, 2.4336793 48.8411933, 2.4339621 48.8411693, 2.4341386 48.8411543, 2.4371919 48.8408914, 2.4372728 48.841291, 2.4375339 48.8425656, 2.4375528 48.8426582, 2.4378988 48.8443709, 2.43791247987199 48.84443566666667, 2.4394677924444337 48.84443566666667, 2.4394709 48.8444354, 2.440283616 48.84436574755265, 2.440283616 48.83481561111111, 2.430458088 48.83481561111111, 2.430458088 48.84126088389336))",0,[],3,0,0,0,1,0,0,0,0,0,7,11,0.2619047619047619,30.821063271519446
157,"POLYGON ((2.43791247987199 48.84443566666667, 2.4379406 48.8445688, 2.4387349 48.8444995, 2.4393835 48.8444429, 2.4394677924444337 48.84443566666667, 2.43791247987199 48.84443566666667))",0,[],0,0,0,0,0,0,0,0,0,0,0,0,0.0,0.0
158,"POLYGON ((2.440283616 48.83481561111111, 2.440283616 48.82519555555556, 2.430458088 48.82519555555556, 2.430458088 48.83481561111111, 2.440283616 48.83481561111111))",0,[],0,1,0,0,0,0,0,0,0,0,0,0,0.0,30.947661417963985
159,"POLYGON ((2.440283616 48.82519555555556, 2.440283616 48.818299394660066, 2.4400143 48.8183507, 2.4398636 48.8183635, 2.4397507 48.8183664, 2.4395917 48.818363, 2.4373499 48.8182191, 2.437387 48.8185935, 2.437425 48.8188267, 2.4374703 48.8191048, 2.4373606 48.8191833, 2.4372529 48.8192433, 2.4370878 48.8193167, 2.4369678 48.8193634, 2.4367628 48.8194299, 2.4364604 48.8195157, 2.4362661 48.8195603, 2.4361092 48.8195849, 2.4359635 48.8196002, 2.4351649 48.8196495, 2.4351352 48.8196472, 2.4350769 48.8196336, 2.4349332 48.819591, 2.4348187 48.8195444, 2.4345005 48.8193731, 2.4343234 48.8193853, 2.43418 48.8192814, 2.4342698 48.8199244, 2.4343025 48.8201561, 2.4324743 48.82142, 2.4328895 48.8216904, 2.432624 48.8219016, 2.4321897 48.8216184, 2.4321533 48.8216437, 2.430458088 48.82282986871353, 2.430458088 48.822966968771496, 2.4305491 48.8230771, 2.4306204 48.8231559, 2.4306911 48.8232341, 2.430458088 48.823320983208674, 2.430458088 48.82519555555556, 2.440283616 48.82519555555556))",0,[],0,0,0,0,0,0,0,0,0,0,1,0,0.0,30.94766141796398
160,"POLYGON ((2.440283616 48.84436574755265, 2.4405117 48.8443462, 2.4405221 48.8444018, 2.4405284267399274 48.84443566666667, 2.4501091440000002 48.84443566666667, 2.4501091440000002 48.83481561111111, 2.440283616 48.83481561111111, 2.440283616 48.84436574755265))",0,[],4,3,1,0,1,0,0,0,1,0,10,17,0.18888888888888888,30.741217137662304
161,"POLYGON ((2.4405284267399274 48.84443566666667, 2.4405374 48.8444837, 2.4405771 48.8446958, 2.4405929 48.844776, 2.4405999 48.8448105, 2.4406085 48.8448545, 2.4406163 48.8448879, 2.4408088 48.8448716, 2.4408738 48.8452101, 2.4406948 48.8452082, 2.4406956 48.845216, 2.4406989 48.8452505, 2.4407021 48.8452843, 2.4407662 48.8459165, 2.4441212 48.8458462, 2.4465262 48.8457499, 2.4465525 48.8457294, 2.4464103 48.8449317, 2.4464886 48.8449241, 2.4478415 48.8447922, 2.4493918 48.8446367, 2.4501091440000002 48.84453225695969, 2.4501091440000002 48.84443566666667, 2.4405284267399274 48.84443566666667))",0,[],0,0,0,0,0,0,0,0,0,0,0,0,0.0,27.492587004581868
162,"POLYGON ((2.4501091440000002 48.83481561111111, 2.4501091440000002 48.82519555555556, 2.440283616 48.82519555555556, 2.440283616 48.83481561111111, 2.4501091440000002 48.83481561111111))",0,[],2,0,0,0,0,0,0,0,0,0,3,3,0.5,30.947661417963978
163,"POLYGON ((2.4501091440000002 48.82519555555556, 2.4501091440000002 48.81790121207946, 2.4496376 48.8179621, 2.4476126 48.8180268, 2.4449831 48.8179498, 2.442673 48.8179577, 2.4421595 48.8179762, 2.4416505 48.818039, 2.440283616 48.818299394660066, 2.440283616 48.82519555555556, 2.4501091440000002 48.82519555555556))",0,[],3,1,0,0,0,0,0,0,0,0,0,0,0.0,30.947661417963975
164,"POLYGON ((2.4501091440000002 48.84453225695969, 2.450772553136195 48.84443566666667, 2.4501091440000002 48.84443566666667, 2.4501091440000002 48.84453225695969))",0,[],0,0,0,0,0,0,0,0,0,0,0,0,0.0,0.0
165,"POLYGON ((2.450772553136195 48.84443566666667, 2.4522023 48.8442275, 2.4536735 48.8440233, 2.4580645 48.8434559, 2.4596989 48.8431435, 2.459934672 48.84309764395861, 2.459934672 48.83481561111111, 2.4501091440000002 48.83481561111111, 2.4501091440000002 48.84443566666667, 2.450772553136195 48.84443566666667))",0,[],1,0,0,0,0,0,0,0,3,0,1,0,0.0,29.405013372112187
166,"POLYGON ((2.459934672 48.83481561111111, 2.459934672 48.82519555555556, 2.4501091440000002 48.82519555555556, 2.4501091440000002 48.83481561111111, 2.459934672 48.83481561111111))",0,[],10,0,0,0,0,0,0,0,0,0,2,2,1.0,30.94766141796398
167,"POLYGON ((2.459934672 48.82519555555556, 2.459934672 48.817628108435, 2.4597546 48.8175402, 2.4591969 48.8173344, 2.4592493 48.8172454, 2.4586327 48.8170123, 2.4572152 48.8170183, 2.4546881 48.8171308, 2.4545494 48.817137, 2.4538889 48.8172213, 2.4533172 48.8172942, 2.4508256 48.8178087, 2.4501091440000002 48.81790121207946, 2.4501091440000002 48.82519555555556, 2.459934672 48.82519555555556))",0,[],7,0,1,0,0,0,0,0,0,0,12,18,0.13636363636363635,30.461817158359892
168,"POLYGON ((2.459934672 48.84309764395861, 2.4608393 48.8429217, 2.4611243 48.8428549, 2.4611298 48.8428536, 2.4617397 48.8426945, 2.4622059 48.8425514, 2.4627326 48.8423677, 2.4632587 48.8421642, 2.4638398 48.841913, 2.4642297 48.8417135, 2.4645546 48.8415233, 2.4649937 48.841232, 2.4652874 48.8410224, 2.4656633 48.8407344, 2.4659365 48.8405091, 2.4663776 48.840114, 2.4665407 48.8399409, 2.4672316 48.8390937, 2.4684575 48.8378712, 2.4693053 48.8371196, 2.469417 48.8370044, 2.4695047 48.8368914, 2.4696975 48.8365902, 2.4697217 48.8365474, 2.469746 48.836491, 2.4697575 48.8364455, 2.4697602 48.8363848, 2.4697035 48.8355556, 2.4696266 48.8352843, 2.4694893 48.8348337, 2.4694809900040564 48.83481561111111, 2.459934672 48.83481561111111, 2.459934672 48.84309764395861))",0,[],0,0,0,1,0,0,0,0,0,0,1,0,0.0,23.864954550436742
169,"POLYGON ((2.4694809900040564 48.83481561111111, 2.4693886 48.8346145, 2.4692959 48.8344541, 2.4691777 48.8342828, 2.4690501 48.8341224, 2.4689375 48.8339906, 2.4687575 48.833815, 2.4685898 48.8336788, 2.4683752 48.8335373, 2.4680973 48.833399, 2.4676891 48.8332164, 2.4667271 48.8327216, 2.4664275 48.8325223, 2.4660876 48.8322528, 2.4658973 48.832072, 2.4657206 48.8318871, 2.4654908 48.8316037, 2.4653607 48.8314053, 2.4652296 48.8311514, 2.4651046 48.8308408, 2.4649828 48.8304477, 2.4646418 48.8293648, 2.4645142 48.8286098, 2.4645497 48.8279406, 2.4646098 48.8276268, 2.4649031 48.8275734, 2.4650873 48.8275399, 2.4652296 48.8276698, 2.46543 48.82757, 2.4661776 48.8273334, 2.4658462 48.8264973, 2.465761 48.8262824, 2.4656948 48.8260718, 2.465419369049477 48.82519555555556, 2.459934672 48.82519555555556, 2.459934672 48.83481561111111, 2.4694809900040564 48.83481561111111))",0,[],1,1,0,0,0,0,0,0,0,0,10,14,0.15555555555555556,30.234035466075426
170,"POLYGON ((2.465419369049477 48.82519555555556, 2.465359 48.8250035, 2.4651007 48.8249857, 2.4651733 48.8246935, 2.4652474 48.8244958, 2.4647171 48.8232776, 2.4646662 48.8232739, 2.4629064 48.8202032, 2.4626386 48.8193437, 2.4625235 48.8192671, 2.4628098 48.819077, 2.4628033 48.8190282, 2.4613077 48.8182984, 2.459934672 48.817628108435, 2.459934672 48.82519555555556, 2.465419369049477 48.82519555555556))",0,[],1,0,0,0,0,0,0,0,0,0,3,3,0.5,30.947661417963985
171,"POLYGON ((2.430458088 48.82282986871353, 2.4303863 48.8228801, 2.430458088 48.822966968771496, 2.430458088 48.82282986871353))",0,[],0,0,0,0,0,0,0,0,0,0,0,0,0.0,0.0
172,"POLYGON ((2.42063256 48.84013148652282, 2.4206044 48.8401879, 2.4204179 48.8404984, 2.4203843 48.8405539, 2.420269 48.840693, 2.4200343 48.8408961, 2.419858 48.8410675, 2.4195701 48.8415358, 2.4194237 48.8424867, 2.4195373 48.8426934, 2.4195777 48.8427352, 2.4196351 48.8427756, 2.419711 48.8428349, 2.4197728 48.8428955, 2.4198246 48.8429555, 2.4198734 48.8430323, 2.4198789 48.8430451, 2.4199038 48.8431027, 2.4199145 48.8431492, 2.4199207 48.8432328, 2.4199177 48.8432968, 2.4199053 48.8433561, 2.4198824 48.8434266, 2.42063256 48.84378798553237, 2.42063256 48.84013148652282))",0,[],0,0,0,0,0,0,0,0,0,0,0,0,0.0,36.57827615330805
173,"POLYGON ((2.332202808 48.816971074210194, 2.3321455 48.8169799, 2.3319785 48.8170023, 2.33196 48.8170041, 2.33192 48.8170081, 2.3317414 48.8170263, 2.3320935 48.8176872, 2.332202808 48.817891288715515, 2.332202808 48.816971074210194))",0,[],0,0,0,0,0,0,0,0,0,0,1,0,0.0,40.08238212561742
